<?xml version="1.0"?>
<data grt_format="2.0">
  <value _ptr_="000000001D55BA30" type="list" content-type="object" content-struct-name="db.mgmt.Connection">
    <value type="object" struct-name="db.mgmt.Connection" id="{B4AA092E-0302-48AC-A612-FBBC00390C59}" struct-checksum="0x96ba47d8">
      <link type="object" struct-name="db.mgmt.Driver" key="driver">com.mysql.rdbms.mysql.driver.native</link>
      <value type="string" key="hostIdentifier">Mysql@mysql4.gear.host:3306</value>
      <value type="int" key="isDefault">1</value>
      <value _ptr_="0000000023FA2530" type="dict" key="modules"/>
      <value _ptr_="0000000023FA2D80" type="dict" key="parameterValues">
        <value type="string" key=""></value>
        <value type="string" key="DbSqlEditor:LastDefaultSchema">infomedicine</value>
        <value type="string" key="SQL_MODE"></value>
        <value type="string" key="hostName">mysql4.gear.host</value>
        <value type="int" key="lastConnected">1495735184</value>
        <value type="string" key="password"></value>
        <value type="int" key="port">3306</value>
        <value type="string" key="schema"></value>
        <value type="string" key="serverVersion">5.7.17-log</value>
        <value type="string" key="sslCA"></value>
        <value type="string" key="sslCert"></value>
        <value type="string" key="sslCipher"></value>
        <value type="string" key="sslKey"></value>
        <value type="int" key="useSSL">1</value>
        <value type="string" key="userName">infomedicine</value>
      </value>
      <value type="string" key="name">infoMedicine</value>
    </value>
  </value>
</data>
