<?xml version="1.0"?>
<data grt_format="2.0">
  <value _ptr_="000000001D55B720" type="list" content-type="object" content-struct-name="db.mgmt.ServerInstance">
    <value type="object" struct-name="db.mgmt.ServerInstance" id="{16EB746C-1BAA-4CDB-9555-67899B061316}" struct-checksum="0x367436e2">
      <link type="object" struct-name="db.mgmt.Connection" key="connection">{B4AA092E-0302-48AC-A612-FBBC00390C59}</link>
      <value _ptr_="0000000023FA44B0" type="dict" key="loginInfo"/>
      <value _ptr_="0000000023FA3E90" type="dict" key="serverInfo">
        <value type="int" key="setupPending">0</value>
        <value type="string" key="sys.sudo"></value>
      </value>
      <value type="string" key="name">infoMedicine</value>
      <link type="object" struct-name="GrtObject" key="owner">{4B7B079F-26F3-44D2-8B01-3291A187D330}</link>
    </value>
  </value>
</data>
